{
    "map_path": "E:/coding/arena-rosnav/simulator_setup/maps/map1/map.yaml",
    "num_images": 101,
    "robot_paths": [
        {
            "initial_pos": [
                0.0,
                0.0
            ],
            "subgoals": [
                [
                    1.8459915611814344,
                    10.232067510548521
                ],
                [
                    7.594936708860759,
                    10.548523206751053
                ],
                [
                    12.974683544303796,
                    9.388185654008439
                ],
                [
                    18.5126582278481,
                    8.59704641350211
                ]
            ]
        },
        {
            "initial_pos": [
                0.0,
                0.0
            ],
            "subgoals": [
                [
                    3.533755274261603,
                    0.8966244725738396
                ],
                [
                    8.069620253164556,
                    1.6877637130801686
                ],
                [
                    9.546413502109704,
                    5.9599156118143455
                ],
                [
                    11.919831223628691,
                    9.493670886075948
                ],
                [
                    17.299578059071727,
                    9.335443037974683
                ]
            ]
        }
    ]
}